USE gateman;

SET @DEVICE_IP1 = '192.168.2.51';
SET @DEVICE_IP2 = '192.168.2.52';
SET @DEVICE_IP3 = '192.168.2.53';
SET @DEVICE_COM1 = '/dev/ttyr00';
SET @DEVICE_COM2 = '/dev/ttyr01';
SET @DEVICE_COM3 = '/dev/ttyr02';
SET @DEVICE_COM_SPEED = 19200;

DELETE FROM device WHERE DEVICE_ID <> 1;

INSERT IGNORE INTO device (DEVICE_ID, ROOM_ID, DEVICETYPE_ID, DEVICE_NAME, DEVICE_IP, DEVICE_COM, DEVICE_COM_SPEED, DEVICE_ADDRESS, DEVICE_BYTE_START, DEVICE_BYTE_COUNT) VALUES
(5 ,  1131, 1, '', @DEVICE_IP1, @DEVICE_COM1, @DEVICE_COM_SPEED, 16,  2,  1),
(6 ,  1131, 2, '', @DEVICE_IP1, @DEVICE_COM1, @DEVICE_COM_SPEED, 16,  1,  1),

(7 ,  1132, 1, '', @DEVICE_IP1, @DEVICE_COM1, @DEVICE_COM_SPEED, 26,  2,  1),
(8 ,  1132, 2, '', @DEVICE_IP1, @DEVICE_COM1, @DEVICE_COM_SPEED, 26,  1,  1),

(9 ,  116 , 1, '', @DEVICE_IP1, @DEVICE_COM1, @DEVICE_COM_SPEED, 14,  2,  1),
(10,  116 , 2, '', @DEVICE_IP1, @DEVICE_COM1, @DEVICE_COM_SPEED, 14,  1,  1),

(11,  115 , 1, '', @DEVICE_IP1, @DEVICE_COM1, @DEVICE_COM_SPEED, 13,  2,  1),
(12,  115 , 2, '', @DEVICE_IP1, @DEVICE_COM1, @DEVICE_COM_SPEED, 13,  1,  1),

(13,  114 , 1, '', @DEVICE_IP1, @DEVICE_COM1, @DEVICE_COM_SPEED, 19,  2,  1),
(14,  114 , 2, '', @DEVICE_IP1, @DEVICE_COM1, @DEVICE_COM_SPEED, 19,  1,  1),

(15,  105 , 1, '', @DEVICE_IP1, @DEVICE_COM1, @DEVICE_COM_SPEED, 17,  2,  1),
(16,  105 , 2, '', @DEVICE_IP1, @DEVICE_COM1, @DEVICE_COM_SPEED, 17,  1,  1),

(17,  1051, 1, '', @DEVICE_IP1, @DEVICE_COM1, @DEVICE_COM_SPEED, 18,  2,  1),
(18,  1051, 2, '', @DEVICE_IP1, @DEVICE_COM1, @DEVICE_COM_SPEED, 18,  1,  1),

(19,   203, 1, '', @DEVICE_IP2, @DEVICE_COM2, @DEVICE_COM_SPEED,  8,  2,  1),
(20,   203, 2, '', @DEVICE_IP2, @DEVICE_COM2, @DEVICE_COM_SPEED,  8,  1,  1),
(21,   203, 3, '', @DEVICE_IP2, @DEVICE_COM2, @DEVICE_COM_SPEED,109,  1,  1),

(22,   204, 1, '', @DEVICE_IP2, @DEVICE_COM2, @DEVICE_COM_SPEED,  7,  2,  1),
(23,   204, 2, '', @DEVICE_IP2, @DEVICE_COM2, @DEVICE_COM_SPEED,  7,  1,  1),
(24,   204, 3, '', @DEVICE_IP2, @DEVICE_COM2, @DEVICE_COM_SPEED,108,  1,  1),

(25,   207, 1, '', @DEVICE_IP2, @DEVICE_COM2, @DEVICE_COM_SPEED,  6,  2,  1),
(26,   207, 2, '', @DEVICE_IP2, @DEVICE_COM2, @DEVICE_COM_SPEED,  6,  1,  1),
(27,   207, 3, '', @DEVICE_IP2, @DEVICE_COM2, @DEVICE_COM_SPEED,107,  1,  1),

(28,   231, 1, '', @DEVICE_IP2, @DEVICE_COM2, @DEVICE_COM_SPEED, 20,  2,  1),
(29,   231, 2, '', @DEVICE_IP2, @DEVICE_COM2, @DEVICE_COM_SPEED, 20,  1,  1),

(30,   229, 3, '', @DEVICE_IP2, @DEVICE_COM2, @DEVICE_COM_SPEED,106,  1,  1),

(31,   223, 1, '', @DEVICE_IP2, @DEVICE_COM2, @DEVICE_COM_SPEED,  1,  2,  1),
(32,   223, 2, '', @DEVICE_IP2, @DEVICE_COM2, @DEVICE_COM_SPEED,  1,  1,  1),
(33,   223, 3, '', @DEVICE_IP2, @DEVICE_COM2, @DEVICE_COM_SPEED,101,  1,  1),

(34,   222, 1, '', @DEVICE_IP2, @DEVICE_COM2, @DEVICE_COM_SPEED, 10,  2,  1),
(35,   222, 2, '', @DEVICE_IP2, @DEVICE_COM2, @DEVICE_COM_SPEED, 10,  1,  1),

(36,   221, 1, '', @DEVICE_IP2, @DEVICE_COM2, @DEVICE_COM_SPEED,  2,  2,  1),
(37,   221, 2, '', @DEVICE_IP2, @DEVICE_COM2, @DEVICE_COM_SPEED,  2,  1,  1),
(38,   221, 3, '', @DEVICE_IP2, @DEVICE_COM2, @DEVICE_COM_SPEED,102,  1,  1),

(39,   220, 1, '', @DEVICE_IP2, @DEVICE_COM2, @DEVICE_COM_SPEED,  3,  2,  1),
(40,   220, 2, '', @DEVICE_IP2, @DEVICE_COM2, @DEVICE_COM_SPEED,  3,  1,  1),
(41,   220, 3, '', @DEVICE_IP2, @DEVICE_COM2, @DEVICE_COM_SPEED,103,  1,  1),

(42,   219, 1, '', @DEVICE_IP2, @DEVICE_COM2, @DEVICE_COM_SPEED,  4,  2,  1),
(43,   219, 2, '', @DEVICE_IP2, @DEVICE_COM2, @DEVICE_COM_SPEED,  4,  1,  1),
(44,   219, 3, '', @DEVICE_IP2, @DEVICE_COM2, @DEVICE_COM_SPEED,104,  1,  1),

(45,   218, 1, '', @DEVICE_IP2, @DEVICE_COM2, @DEVICE_COM_SPEED,  5,  2,  1),
(46,   218, 2, '', @DEVICE_IP2, @DEVICE_COM2, @DEVICE_COM_SPEED,  5,  1,  1),
(47,   218, 3, '', @DEVICE_IP2, @DEVICE_COM2, @DEVICE_COM_SPEED,105,  1,  1),

(48,   315, 1, '', @DEVICE_IP3, @DEVICE_COM3, @DEVICE_COM_SPEED, 22,  2,  1),
(49,   315, 2, '', @DEVICE_IP3, @DEVICE_COM3, @DEVICE_COM_SPEED, 22,  1,  1),

(50,   316, 1, '', @DEVICE_IP3, @DEVICE_COM3, @DEVICE_COM_SPEED, 21,  2,  1),
(51,   316, 2, '', @DEVICE_IP3, @DEVICE_COM3, @DEVICE_COM_SPEED, 21,  1,  1),

(53,   305, 3, '', @DEVICE_IP3, @DEVICE_COM3, @DEVICE_COM_SPEED,111,  1,  1),

(54,   306, 1, '', @DEVICE_IP3, @DEVICE_COM3, @DEVICE_COM_SPEED,  9,  2,  1),
(55,   306, 2, '', @DEVICE_IP3, @DEVICE_COM3, @DEVICE_COM_SPEED,  9,  1,  1),
(56,   306, 3, '', @DEVICE_IP3, @DEVICE_COM3, @DEVICE_COM_SPEED,110,  1,  1),

(57,  3141, 1, '', @DEVICE_IP3, @DEVICE_COM3, @DEVICE_COM_SPEED, 25,  2,  1),
(58,  3141, 2, '', @DEVICE_IP3, @DEVICE_COM3, @DEVICE_COM_SPEED, 25,  1,  1),

(59,  3142, 1, '', @DEVICE_IP3, @DEVICE_COM3, @DEVICE_COM_SPEED, 24,  2,  1),
(60,  3142, 2, '', @DEVICE_IP3, @DEVICE_COM3, @DEVICE_COM_SPEED, 24,  1,  1),

(61,  3143, 1, '', @DEVICE_IP3, @DEVICE_COM3, @DEVICE_COM_SPEED, 23,  2,  1),
(62,  3143, 2, '', @DEVICE_IP3, @DEVICE_COM3, @DEVICE_COM_SPEED, 23,  1,  1)
;

-- двери
INSERT IGNORE INTO device (DEVICE_ID, ROOM_ID, DEVICETYPE_ID, DEVICE_NAME, DEVICE_IP, DEVICE_COM, DEVICE_COM_SPEED, DEVICE_ADDRESS, DEVICE_BYTE_START, DEVICE_BYTE_COUNT) VALUES
(204 ,  204, 4, '', '', '', 0, 0,  0,  0),
(205 ,  205, 4, '', '', '', 0, 0,  0,  0),
(207 ,  207, 4, '', '', '', 0, 0,  0,  0),
(218 ,  218, 4, '', '', '', 0, 0,  0,  0),
(219 ,  219, 4, '', '', '', 0, 0,  0,  0),
(221 ,  221, 4, '', '', '', 0, 0,  0,  0),
(306 ,  306, 4, '', '', '', 0, 0,  0,  0)
;

-- сигнализации
INSERT IGNORE INTO device (DEVICE_ID, ROOM_ID, DEVICETYPE_ID, DEVICE_NAME, DEVICE_IP, DEVICE_COM, DEVICE_COM_SPEED, DEVICE_ADDRESS, DEVICE_BYTE_START, DEVICE_BYTE_COUNT) VALUES
(1203 ,  203, 5, '', '192.168.2.150', '', 0, 0,  0,  0),
(1204 ,  204, 5, '', '192.168.2.151', '', 0, 0,  0,  0),
(1207 ,  207, 5, '', '192.168.2.152', '', 0, 0,  0,  0),
(1218 ,  218, 5, '', '192.168.2.153', '', 0, 0,  0,  0),
(1219 ,  219, 5, '', '192.168.2.154', '', 0, 0,  0,  0),
(1221 ,  221, 5, '', '192.168.2.155', '', 0, 0,  0,  0),
(1222 ,  222, 5, '', '192.168.2.156', '', 0, 0,  0,  0),
(1223 ,  223, 5, '', '192.168.2.157', '', 0, 0,  0,  0),
(1229 ,  229, 5, '', '192.168.2.158', '', 0, 0,  0,  0),
(1306 ,  306, 5, '', '192.168.2.159', '', 0, 0,  0,  0)
    ;

-- вычисляемые датчики
INSERT IGNORE INTO device (DEVICE_ID, ROOM_ID, DEVICETYPE_ID, DEVICE_NAME, DEVICE_IP, DEVICE_COM, DEVICE_COM_SPEED, DEVICE_ADDRESS, DEVICE_BYTE_START, DEVICE_BYTE_COUNT) VALUES
(204229 ,  204, 6, '', '', '', 0, 0,  0,  0),
(207229 ,  207, 6, '', '', '', 0, 0,  0,  0),
(218229 ,  218, 6, '', '', '', 0, 0,  0,  0),
(219229 ,  219, 6, '', '', '', 0, 0,  0,  0),
(220229 ,  220, 6, '', '', '', 0, 0,  0,  0),
(221229 ,  221, 6, '', '', '', 0, 0,  0,  0);

    UPDATE
            device
        SET
            DEVICE_NAME = GET_DEVICE_NAME(DEVICETYPE_ID, ROOM_ID)
        WHERE
            DEVICE_NAME IS NULL OR DEVICE_NAME = '';

INSERT INTO complex (COMPLEX_ID, DEVICE_ID, COMPLEX_FORMULA) VALUES
(204, 204229 , '%229 - %204'),
(207, 207229 , '%229 - %207'),
(218, 218229 , '%229 - %218'),
(219, 219229 , '%229 - %219'),
(220, 220229 , '%229 - %220'),
(221, 221229 , '%229 - %221');

INSERT INTO compdev (COMPLEX_ID, DEVICE_ID, DEVICE_FALIAS) VALUES
(204, 24 , '%204'),
(204, 30 , '%229'),

(207, 27 , '%207'),
(207, 30 , '%229'),

(218, 47 , '%218'),
(218, 30 , '%229'),

(219, 44 , '%219'),
(219, 30 , '%229'),

(220, 41 , '%220'),
(220, 30 , '%229'),

(221, 38 , '%221'),
(221, 30 , '%229');